event_id,date,stage,operation,status,evidence_or_output,interpretation,next_action
R06-01,2026-07-20,source discovery,Confirm official BLS 2022 and 2023 CSV Interview PUMD packages,passed,"BLS PUMD data page lists 44.7MB and 45.4MB packages","Data are publicly available without an application","Download in a normal networked runtime"
R06-02,2026-07-20,version control,Confirm 2023 Q2 and Q3 FMLI summary-variable correction,passed,"BLS annual-release notice and errata","Use current annual package rather than cached quarterly files","Record ZIP SHA-256 in source manifest"
R06-03,2026-07-20,binary ingestion,Transfer official BLS ZIP into current analysis container,blocked,"Web can parse HTML/PDF but binary ZIP was not mounted; container external DNS unavailable","Session infrastructure block rather than source-access restriction","Run committed script in a networked Python environment"
R06-04,2026-07-20,PDF verification,Request screenshots of BLS Table 3600 pages,blocked,"web screenshot returned cache-miss after fresh PDF open; parsed PDF text remained available","Visual screenshot verification was attempted but unavailable","Retain parsed official PDF as benchmark and repeat visual check later"
R06-05,2026-07-20,method verification,Confirm two-release and five-quarter natural-year construction,passed,"BLS PUMD Getting Started Guide","2023 requires adjacent packages and CQ/PQ scope rules","Implemented in analysis plan and script"
R06-06,2026-07-20,weight verification,Confirm FINLWT21 quarterly and month-in-scope adjustments,passed,"BLS formula: FINLWT21/4 multiplied by MO_SCOPE/3","Raw FINLWT21 cannot be used as annual population weight","Implemented in script"
R06-07,2026-07-20,uncertainty verification,Confirm 44 BRR replicate weights and income exception,passed,"BLS WTREP01-WTREP44 methodology and income-imputation warning","Ordinary BRR is insufficient for imputed income","Script labels ordinary estimates preliminary; income inference remains blocked"
R06-08,2026-07-20,analysis-unit verification,Confirm one-person CU does not necessarily mean residentially alone,passed,"BLS consumer-unit definition","Y1 is an economic-sharing unit and must not be called an independent dwelling without evidence","Updated paper and code documentation"
R06-09,2026-07-20,implementation,Create fail-closed Python acquisition and estimation pipeline,passed,"analysis/us-ce/round06_ce_y1.py","Implementation exists but has not been executed against microdata in this session","Execute then inspect audit_log.csv"
R06-10,2026-07-20,data governance,Prevent raw and restricted microdata commits,passed,".gitignore excludes data/raw data/restricted and data/derived","Repository stores code and reviewed aggregates rather than respondent files","Retain source manifest and reviewed output only"
R06-11,2026-07-20,scientific output,Generate new US Y1 microdata estimates,not-run,"No binary data were ingested","No new numerical claim is authorized","Do not update manuscript results until validation gates pass"
